Type_données,ARI,Homogénéité,Complétude,V-measure
object,float64,float64,float64,float64
ACP_CV_DESC_LEM,0.01773569129279592,0.09643322362723242,0.2250486526680356,0.13501331583502066
